name,source_sha1,png_sha1
0051a133,6ea3ef9b9433209eb5c7867110a611062a3a863a,1d23472195a0d52daa8062a67a6f83d3e130b411
007155d8,e8ff4cc65b2d90aef126f460bb2d52d40fa3c637,f2f9a76b689d76dc023f0d1527db6d0c170e2c4f
a_p_sensor_alp.bmp,a810fcd63634603c69548ed5e947f84684a35384,345755a8fd09e70fcc39f38b79a262435293a4a0
bombgas5_alp.bmp,6cb9546d5f29076755bce33dab506359ffc5e5d7,e892ea0bd8f03db8341bfabfd65c8dd47014e82d
cre_cre_alp_ovl.bmp,a5fba1b8286b649d2cc1fdcfa8215000f10cb65a,1ce935c4b44dfb8f89e7404f2c28d5edbcc19796
cre_dish00_alp_ovl.bmp,35d0d7bbf0ee97d022f2e044c867f8f909e569cf,70f02ca3634f29f17a53b186a66b028bf5181e81
cre_fuk_alp_ovl.bmp,97b434a470685b2c72f3f1fbc9229855493032ff,e5551217fe0babb2c99b42435e45ff9184b09909
cre_g2_alp_ovl.bmp,46691b92f7f4248e69c9cbf710a501ada78d103b,3c736cdb78435d4524fb0bb568c57d06fb0a03a4
cre_g_alp_ovl.bmp,b88f49abbce3350e97047951f6e41f35aa741200,e548c019931b83f622f4159b1bc32a909aac1340
cre_ric_alp_ovl.bmp,0b840808ce3b19491215ad139e1756bd4e1af73e,6546cdd0365f106be0c4d80e1d72f55a9b8debe8
d_sky_top_01_alp.bmp_8f57f7dc8141fdfd06af182d04249af3,1e0f44564b94e3d4717b6b94c0172b00ac7e097a,103b333cee58744f6c931a4a9966d62a29b7c9ed
dish_tx_alp.bmp,57cac05665cbb4df6115de467d0ba9b95f23e3da,0303c4770a9e8e6bf07d5c96d7d43ee24c1a3c2b
e_sky_cld_sun_04_alp.bmp,313c5d57f378799ef7c8279c68ca9d4fab5e591a,dfd0ccbd1b2e805ec4dedbdd4069451d1d9b4e12
elvt_nwall3pb_alp.bmp,ef3e7c3ffcf956626fba664d6a62a41ff36e001c,342773fa2d5ee598f9763370a83136c4a4d51707
ema_leg_sub_alp_ovl.bmp_59cf833a559696b26388f9f9abed5184,fc93ae355732c48fa8a922c07bfa95d5485faeb4,eb68c9971d1ed7f107e1b8bfd996003584519b93
fire4_msk.bmp,cc0de79a0b1c3bc271256f9e40ee020df806d8ba,f3e58aec2a0e87f7e99bf5e705f2642e1ff38b55
fire5_msk.bmp,7cf0dbd411f4f72394e196a62f4715bbc4bf4c50,62eafe48fe3990d93c15e36dd71d86db1698a22c
fms_alp_ovl.bmp,b791f66a0b6bbc4f0128940f1e798e4eb4a84250,2b6c8f653b04797a6da4b9d71bdd77cf3edc953c
gen_mecaarm_sub_ovl_alp.bmp,e65292783c09bd3729c5d8b764e6c6f63db74f0b,4c592942c24ae503f5ca87560f3395c4c700d8ad
gen_mecabody_sub_ovl_alp.bmp,fe577389de8b040e6c6813b378f4068cb1b2e1ad,77a3e409c4e66ad73c1fe55588114a854ac88578
gen_mecahead_sub_ovl_alp.bmp,919339e403d98eb17caf9137b706b930632cea1a,803f3b2cf807a2c2505577cf085bc74d0e1924b0
gen_mecaleg_sub_ovl_alp.bmp,7197e087a89eb9bbe8b5f0c0e9aabf9438f0e73a,11edfd527bc70c16bc16e2e3157ee6b599bfe303
gen_mecaskirt_sub_ovl_alp.bmp,d960e47290aff263379286841fac413818acd625,76fb57122d5e9fcb80ad5bd25cf43bd3fc2a3f2e
geno_alp_ovl.bmp,3d99fe639821f4ccf61ba516a2f7d941f1d94780,79c55980d56fbaaf35af592aa5915de7bca62c70
geno_e_alp_ovl.bmp,0b99534cb09af1a665839c79a40040032fb31f62,90b22a80a02a0ccb672d7f8bdaac4961ef35063a
gogle_rabel_alp_ovl.bmp,d4905c061e8c07986c6b99d22432f7432a07f180,c9bdf1b405bfd5fac118b1328c4ccd8f90fc4278
gol_tarai_ovl_sub_alp.bmp,a7c9fc139d1f8e908a80e1caa08fb7afa108b938,4479a71c663b7f5fccd88412f0c7e4146f1e1779
gradation_alp_ovl.bmp,2c868a50c27604bc91d68cee4ee9b22f076e7aeb,80b0bf6a953b2cf7656908dd063fbbd8546d9c6a
gur_alp_ovl.bmp,874e8eec8dea253bbde3a5bd212f591b0f4eba8d,983e3b2092c4581e6f827c18954c7231802d2878
hri_ef_alp_add_ovl.bmp,0491b458656a4fd2592f031b6ea61296402f9289,b3be262ac126b3189ddbb34a0aff9bfcaa41c17e
ibox_tx_all_alp_ovl.bmp,4abcefae0d089df1f8aaf1a5192adf5048494e79,0fb99655969227551cd8b75d9e0bc7fbbd84717a
kantoku_alp_01.bmp,acf5ff983fd466b37a568bc41419797aa685a510,b8f7b833a403bc43b9b8ab5dbe1f91c3fb875cd8
launch_rabel_alp_ovl.bmp,bb18bef2578ccad419bb07d2649601bcd54e0315,011d8696ead7a6deaae81126a7e72eb1a365b10a
lnr_dankon_hibi2_alp.bmp,8d3752dba117ccd129ccf4a84a6b5590b4efebf4,770eae4e3bc8fc0f45a50af123b1935acc01755f
mark_noise_alp.bmp,0028aff6420ca2e57e8c9ab438ec3570238b80b4,c0cba2dbde40dd2856a9f3474593787ad1cd2199
mecgeno1_alp_ovl.bmp,d8949dee5000c0878fa7ec495639ce58c951a1f6,c434e59f137dbef218c2606ca8d97948263cc5eb
mecgeno1_e_alp_ovl.bmp,cb0d0de11c0665b0e3e720270005deb68386b047,a0b13c4fb3013371b3f14a01c4c5e6064c025668
medicine_rabel_alp_ovl.bmp,78ec920687a3a599d9ed82a078fe25130fe441b0,d7fde5c3c4a0853505f6f17fb885b51d73dd6184
mode_alp_ovl.bmp,8f995b30d62e86385feeeb85f65cd450f5ca9f2a,703cb0ee86bd584e09e6e36f696d3f75daf44c09
nypo_ovl_mod1210_alp.bmp,677eaea5abe5bdf91cae6c39e22ac4ee777879ea,7e48ad9b3423f6fc3cfa4a2ea0daf341467bdb2f
p_br_seacolor_01_alp_ovl.bmp,193ee64fd703e804f18fdc424649d9a59705ec41,8a0a6fc0a11450b6a9ef7674964646a6458ac4b7
pit_arm_ovl_alp_sub.bmp,d6f09477617a141c4b33fd723bb494ff9aff3fd5,8d08a7d257e4d17be0078c2fb13b66e85f839c7a
pit_armark_l_alp_ovl_sub.bmp,d29f7589a565629e426a0c4449d8c491e57e18f8,95f1a360dd452fc767ef2040416a681c6df7c2c1
pit_armark_r_alp_ovl_sub.bmp,dad7cae9e377ccb55b3e0519885f69d097a5c684,2666ce87a42d623011aac3631895fa8aecc57c87
pit_body3_ovl_alp_sub.bmp,c8f1912d7dfbc27dcb9da387637f62005d6ae958,3159027054f6a92fb58b44a5ddbe922bd76a1e92
pit_food_c_sub_ovl_alp.bmp_440f8c1ac67431ba6eae47fab033aa6f,cde6e8f33b4ad29422266d8097f0a01c9c6cad5d,2ddd16ab58b9a0f27297233ae6de1d295cf7a86d
pit_food_s_sub_ovl_alp.bmp_344b20080ef3f6e16f931b639532c245,43bba1d59e8c10fb0a0ded79f2e2d228e11e6f79,6fd3c7988858f21d2cafbe6d5032fd595ade09ef
pit_shoese_ovl_sub_alp.bmp,62d18fe1db5a933867734dd070b6faa80a035114,092713d873c77856545e3878b67597e48693cf39
ptr_hand_sub_alp_ovl.bmp,863c7bdc62f64f187ab2e793738e210b573216ab,763b2149062498eba754c64cdaf373b10de71139
ptr_mtg_alp_ovl.bmp_1dee7c33f8c04c57c9230facad52d73e,120ff31187580f50be051f496bc370ebedeac999,e030e8b4be44dc69a07c02e5890edf51c6662880
pump02_alp.bmp,9b8a7eb4c805d257e35f646f1509a27dccdd3c03,e13b71ae0b49c63ed34f63f3ff666cbcc796c6a5
qt_bleak_alp.bmp,a56e82f4ba1e37d18e975ec852fdc04d89647a09,cb1758ee03267b8811c35e73b7b38cb80f3c6b92
rai_ba_ovl_sub_alp.bmp,a39051c000febd6749ff187a264bb731f15d7a5e,dce795751e8abea2c050388bf167487b7cc531b0
raiden_gogle_sev_alp.bmp,d787c167348de1fb55727f2250614ce9708dcc89,19dc66fb359db689e0d82339d8208ffad7d7a055
rar_narut_alp_ovl.bmp,803007bfe7f590a738338bfc55669ff6723469ab,d017bf41c0c6b657843a33df9046812d53a17122
rar_negi2_alp_ovl.bmp,e54825d4e845149c72e865dfc3099ca7c2af947a,e4a30f759635c3924b1784b7ae15dc223179f325
rar_shina_alp_ovl.bmp,dc0355a43f7737c946ea06fe8bd4240bcdc2baff,774cffe82cd733ffebf6dcf0bd0f9adabd8426ec
rifle_ammo_rabel_alp_ovl.bmp,ec81172ce71c169d22b52be84f7687a3652c4e29,36903baec9dfce3f5ac4695b225bc6607680ff72
shadow_rev_alp.bmp,00243c3ff3de2890e471583ba21358e9af5f1bc1,5877dae9ccb641db3a90745070319bddf05138ab
socom_alp_ovl.bmp,43afd15cf4b1821803ee3ec1803f262306e53ad0,b83c6e3bba9b8a9e017439f3896eca25f4f33b91
test_fence_mini_alp.bmp,e0b5aa26f9121eef05008b5dc13b166fe9c48f9a,703d3a672b129739e880fd09ba41e6c46122cd1d
test_lit0_alp_add.bmp,c88a61afa6b5b01ee036fe0d9c5eab3d3fa885c4,7512c967d8bf87875ebc6cda964ec1df57b77a81
test_rabel_alp_ovl.bmp,93467c129c6395907e988372f15b2139d6950fcc,8e8dba22dd56609dc7ea821d333b0c6bd948171b
test_window_alp.bmp,e9a178add2b3f9d271efe08b1990747c0e1d1060,f4f2ecd31ed2847f7a8527a093a0ecbc149e9ad7
tnc_gost_arm_ovl_alp.bmp,a63ac5bd07d6ca1e6cdacfc941f05e117f8bea90,8229a21bc41809c15fe7d3264a4a9046aff4b8e5
tnc_gost_body_ovl_alp.bmp,37a730d5d8b2713ebd159a1bc553a2b13a68ea2b,b6f864b5cbbb26d091b0ad7973ac3c7f67f5892b
tnc_gost_face_ovl_alp.bmp,a4eeb528821792a2889607b55e8e90735dd2c2eb,e63cb3c5014cf46af3825f7f98993cbe052d4c9a
tnc_gost_foot_b_ovl_alp.bmp,fc646c4458394243296aa0938000ab28417020dd,b385b10e7aa961b9bf6ac081408c38529e02ac20
tnc_gost_foot_c_ovl_alp.bmp,036b3991522d047c60ae5dfdfd3ccc5202cc31d5,667d4faa8d49ea2cd62bdfb4816c7a879b6f1785
tnc_gost_foot_ovl_alp.bmp,6984abb9a2731de3ac441d7c733998a02745085c,c5f3f50b634e018fe6eb168940bd9f4f1f79958e
tnc_gost_hand_a_ovl_alp.bmp,b209dd28873f7ea6c15b241803a30f6a481d84c5,b032eb4cfe4484f07cca24fdf69402be23fb9be2
tnc_gost_hand_b_ovl_alp.bmp,d2915c3cfecdaeac6008a22732eb56da97728fe2,d229bfad00ed9dba4491c7fb29cbd93ed42fac09
vr2_noise_a0_alp.bmp,c09b1b14126027aa1c9ed3171c7efe1d891e5d5f,72d6e478bd96d0f09718c9669eb42636c47bc49e
vr2_noise_a1_alp.bmp,a43898f82300af9467d96194a4d37d38f0646680,3d671ceb6d05515bbba5a3d257c838d4ed83d3d0
vr2_noise_a2_alp.bmp,7bde2425d4bb2edd47ac9996c605cc32c57fd60d,f80c40e5af23d6fb31d790b1cc5cb31891ce59f5
vr2_noise_b0_alp.bmp,aca9940de962b4b78daa62c8ddf7bb81d831bebb,4192d25db61e772e3db6589de071db76270436af
vr2_noise_b2_alp.bmp,62c2bc87058355f0f3adc580538b4e979ab9b877,11c641595d52b7f2d4984902c04390bf71a5adb6
w00a_wdf3_alp.bmp,3c8c2f3fc0fe10953a46d883ff734bf3221c30bb,47c0a854e834957fbc011a844cc089f92a6c6531
w031b_light_add_alp.bmp,763433c21e329b4eba61671521891191ee9dcd0c,87aa04660f405af3ee990782315b107eb1cd293a
w04_demo_scr_haen_cnt_alp.bmp,e37e4ee87d5f04f59c1653de8ed0ca34400be651,361950caf4a25fd6eb0e1cb6df50d8b7bef32bbe
w04_demo_scr_haen_left_alp.bmp,5a2d537e0ba66d200abd092994fcadf2706f8b32,a3162648b45c112d6f8183eccc540e18b09fa484
w04a3_bou_debug_alp.bmp,52fbceccec7268fe9ae301ced4bc45910e5a6430,ac698e688b6f298bd225eae56b091a43e43e05fb
w10a_demo_reef05_mk_alp.bmp,0fdade6495ea34e732ce97c8adba410e55a1c3f7,dafd9812b6f27c098031b72f47e156908d7b004c
w10a_demo_reef06_mk_alp.bmp,364474ab53ebe4466ecea170385bea529ca8d4db,cdc1c2c2956ace6fa875af1c4ecccc22da116c93
w10a_demo_reef07_mk_alp.bmp,05ac761fd01b26c3d088953ec637062d0054a86f,f0c3f409ba27099fb384805353d56da13cec34dc
w10a_demo_reef08_mk_alp.bmp,4f5e5da21fe44031ee2427629599c4d251d52478,c78c9fa851c54f8590ea103d1558e95f46ea9110
w10a_demo_reef09_mk_alp.bmp,3fa59f71e2b19a5c904464e32d6fb30ef37102a6,32684e1d804c1d96dd4e9092bc1533f30c2e6e7f
w10a_sky_b02_alp_ovl.bmp,dcc6fc244f7f7dc0d9af0112f0d32d2d9b4e237e,45728271c427892ea819e9d57dde486471c7aad2
w10a_sky_b03_alp_ovl.bmp,ba70c49d495a36b134ae4de49d9975e0472b7e57,380ed99d4f55e145d83f7b7b7fda73f5e4bdd11e
w11b2_ironbox_dankon_f1_alp.bmp,913710f553fce80eb8c9c32cd3c21863e62e17e7,af7ac111954bcca76014d203305888a53d110ce7
w11b2_ironbox_dankon_s1_alp.bmp,731c7016467eea7795f125f9d1f53703b260b747,0ad62b1271a9b05ead215a2367a1b8a14a2fd242
w11c2_fire1_alp.bmp,f24eb5d312b3102d6413868918efafa47a55b7d7,1ae780e29314008e538529a516f912444bfead63
w11c2_fire1_alp_grey.bmp,821c3e44b8c6c5114a490da9b14ba7de4af28284,92733e8e22ba03bc9436dad7f6f1e13d627e94b3
w24d2_glass1_bro_alp.bmp,f72bccc692f74c3a10c6b242ec9d307008a19465,7ecd6cff2c2c3aee82fff6d9d5032298757c1a10
w24d2_glass3_bro_alp.bmp,27d2c791df17252018c36091b85ff8cae611741b,f3c7f47204ed62e71b2839abdf2d37d9bb318a73
w31b_ref_water_alp_ovl_01.bmp_7b39660909c4df45b9f1df4aea837cc0,4985c28a00c25022eee452a67e0ae4e5cbdc5ab5,8ec1317f245af28d7ad5fc7dfe362f85e8a787b9
w31b_yogore_alp_01.bmp,5af13fdea838de2ff53b50c1524e8b198c900b98,5b5262a47f34a2daf3b4e251f1b28955131af509
w31c0_renz_alp.bmp,5da1c3f2a0e7c01c1ff206eb5b5d125d7f1c917f,7af3f34f098c86c57181f5e3dc252451b8b76fbd
w31c_poster_alp_ovl_01.bmp,02af895e64d91f060ba036cb4f2e4e0d44d1e120,640ef82b2cfcf8e3b2c8973cffb29add715bb67e
w51a_seacolor_04_alp_ovl.bmp,62fc2bf8be87f25ec68a90e9928739fafc140973,322ce675550db15b532d305df6b3d9d074e85ed0
w51a_sky_n1_alp_ovl.bmp,e5698090e661e24639768d2b78fe43c4866cec57,116b14dc70f051e6089701bad719f83475091c90
w51a_sky_n2_alp_ovl.bmp,61bbc1298642b103558e6f1a0692476a98c9f52c,59662af17cbd51da90ad14f30a4b1e7c83f1810d
w51a_sky_n4_alp_ovl.bmp,72d3efa997c3f902dc17d44d0967b022dc4107a2,40573fee9dc087d99dc541dc81664f0ff0786754
w60a_seacolor_b02_alp_ovl.bmp,4c85d13bc6a7a862beae3d7a70b860fe159af555,5c84d0477418fdcedbcee73eb2e1e3bb9a597d6c
w60a_sky_b01_alp_ovl.bmp,ada8cf68831a65b761b79346933ad5633710a3ac,1d67ba7f4d0f58c5cfb3f151d9d4fd82e4fc9ee3
w60a_sky_b02_alp_ovl.bmp,b1ce90d993a5060906f5fb42bc3a6fc1a4b58878,2fcd6e00aab6d2de3df2adb37285712e658d8116
w60a_sky_b03_alp_ovl.bmp,e650a29ba6973a7a1f1f1a6810eab36dcec3309f,267a72033d608011cc518c53eaf1e502d16de0cc
w60a_sky_b04_alp_ovl.bmp,7c10de295fd6be05c69d95c38ee143e0b8798cc5,677bd07e63b41bd9bfe4cf57a21d40171cd5696e
w60a_sky_d01_alp_ovl.bmp,ea38af324101f3e19490fd123d52707f58bab3d1,c6956d18ac5c5931da41ac393a560226589764ac
water_reflection_alp_01.bmp,344cf3fbe9764ba3fc675912ea6a603f3e7e3360,33f8174ea094f8bf9165c15cdc48c682936ad8eb
water_reflection_alp_02.bmp,42f7520e8f1e19be78d4e557e90bc9329baf7220,7b04820bb747d5c1c527892a3ad3c2df77f4bc34
ws14a_sdw06_alp_ovl.bmp,86e6908d8be365bd595ba0b6b592e30ae2c750c7,9a0dbdbdce64f195b3745f83e547a2d1c59330e8
ws14a_sdw13_alp_ovl.bmp,7ac48629863fb3944fb3b3fa189afef97cc6a962,91905ac0f5be1c610cdd4f6758048cba0694ecd5
ws31a_sdw0001n_alp_ovl.bmp,408b06c65bb5691c7fc90331149c3dd8d1318dc7,af5082933318ec250f44144a4df731988f728f85
ws31a_sdw004n_alp_ovl.bmp,0a82894702d8937cbbb36f1275bd0e02f7f006f0,b3f912d0fd8bb26ec2e0caa54705940a22090f9c
ws32a_sdw05_alp_ovl.bmp,8093f834d9ce6d22feae22a35a76d2898d001631,0cb7e6b7869564b53788fb89592859aac285a71b
ws32a_sdw06_alp_ovl.bmp,8eb23ce0f7105b6cd865089a683d996da5f4efab,5b0aac9bfdd25347c3cf24e5c04f7a61ec930268
ws53a_sdw07_alp_ovl.bmp,864b88221b6a269a016dc4f2d07bd4986347d626,94464ce1c294a40c4df6286cb7c94158c0a20acb
ws71a_sdw_12_alp_ovl.bmp,11354e3b4ed055135288f175f149370af80a6335,f4778f13fb4642abf523fd46145bbe297b493444
ws73a_sdw_00_alp_ovl.bmp,68689d26754f7b8bef178987f9a872582322a1e0,3099e83d7cad0fb03a43e2ed100b04bda2f0974a
ws73a_sdw_02_alp_ovl.bmp,3a3aace24dbb2534a1c0b31932ce52a816cf2b66,f5662b845d440f03b5d9c06fafb1ca528770fdd7
xlit24a_alp.bmp,1e120a11e9ca8730af39518063615e856d2d8d61,2f000a16c609811dd47dfc6828f97c9987589dd2
xlit24b_alp.bmp,1ca2846b1391f4b5bb073673832b40eead352b6e,db8179c9a98fcb008309b07640c3a915b051a85b
